Surname,Predicted,True,Correct
OMWANDE,luhya,luhya,1
ATNAS,luhya,luhya,1
ABDALLAH,muslim,turkana,0
SALIM,luhya,turkana,0
OGATO,luo,kisii,0
ANYANGO,luo,luo,1
TAKA,luhya,luhya,1
ATIENO,luo,luo,1
AGUVASU,luhya,luhya,1
KIPROP,kalenjin,kalenjin,1
ODERO,luo,luo,1
BOIT,kalenjin,kalenjin,1
CHEPKWON,kalenjin,kalenjin,1
MIDEVA,luhya,luhya,1
NAFULA,luhya,luhya,1
NAFULA,luhya,luhya,1
NAMASAKA,luhya,luhya,1
ALI,luhya,luhya,1
GABUKU,luhya,mijikenda,0
LOKOEN,turkana,turkana,1
MWANGI,kikuyu,kikuyu,1
AOKO,luo,luo,1
ZAINABU,luhya,luhya,1
AKINYI,luo,luo,1
WANJIRU,kikuyu,kikuyu,1
WANZAA,kamba,kamba,1
CHEMILA,kalenjin,luhya,0
YENGO,masai,masai,1
CHEPTER,kalenjin,kalenjin,1
OUMA,luo,luo,1
KOWEJE,luo,luo,1
OMAR,mijikenda,mijikenda,1
MAOBE,luo,kisii,0
ATIENO,luo,luo,1
OMENDA,luo,luhya,0
OGOLLA,luo,luo,1
KEPKEMOI,kalenjin,kalenjin,1
OCHIENG,luo,luo,1
ACHIENG,luo,luo,1
APONDI,luhya,luhya,1
BOSIBORI,kisii,kisii,1
KWAMBOKA,kisii,kisii,1
NGONDU,kikuyu,kikuyu,1
WAMBOI,kikuyu,kikuyu,1
SIKARA,luhya,luhya,1
ROTICH,kalenjin,kalenjin,1
NJOROGE,kikuyu,kikuyu,1
OBIERO,luo,luo,1
OGUTU,luo,luo,1
SIGEI,kalenjin,kalenjin,1
OPOTI,luhya,luhya,1
CHEPTARUS,kalenjin,kalenjin,1
VERA,kalenjin,kalenjin,1
AUMA,luo,luo,1
MAWEU,kamba,kamba,1
CHERUYOT,kalenjin,kalenjin,1
KISANG,kalenjin,kalenjin,1
KIRWA,kalenjin,kalenjin,1
CHEPKEMOI,kalenjin,kalenjin,1
ANEKEA,luhya,luhya,1
OCHIENG,luo,luo,1
TANUI,kalenjin,kalenjin,1
KIPTOO,kalenjin,kalenjin,1
MUGITA,luhya,luhya,1
OCHIENG,luo,kikuyu,0
LODHIO,luo,kalenjin,0
AMBINDI,luhya,luhya,1
NYARIERA,luo,luo,1
ATIENO,luo,luo,1
AWUOR,luo,luo,1
KIRUI,kalenjin,kalenjin,1
NASIMIYU,luhya,luhya,1
NASIMIYU,luhya,luhya,1
NYASITA,turkana,turkana,1
SHIKUKU,luhya,luhya,1
MUHONJA,luhya,luhya,1
WANGARE,kikuyu,kikuyu,1
AMANE,luhya,luhya,1
MURAYA,kikuyu,kikuyu,1
OCHIENG,luo,luo,1
MAINA,kikuyu,kikuyu,1
OUMA,luo,luo,1
RANGE,kuria,kuria,1
RONO,kalenjin,kalenjin,1
THAIRU,kikuyu,kikuyu,1
ACHIENG,luo,luo,1
AKOTH,luo,luo,1
AWOUR,luo,luo,1
AWOUR,luo,luo,1
MUSIMBI,luhya,luhya,1
NANJALA,luhya,luhya,1
MBURU,kikuyu,kikuyu,1
LEPARA,masai,masai,1
AOKO,luo,luo,1
OKUMU,luo,luo,1
MBITHE,kamba,kamba,1
OKELO,luo,luhya,0
LELGO,kalenjin,kalenjin,1
MORAA,kisii,kisii,1
LOBION,turkana,turkana,1
MIRUKA,kisii,kisii,1
MWANGI,kikuyu,kikuyu,1
ODHIAMBO,luo,luo,1
OWERA,luo,luo,1
RENDA,kalenjin,kalenjin,1
KEMUNTO,kisii,kisii,1
APOPONG,kalenjin,kalenjin,1
JUMA,mijikenda,luo,0
KABUTI,kikuyu,kikuyu,1
MUIRURI,kikuyu,kikuyu,1
OJERO,luo,luo,1
OJERO,luo,luo,1
OPANGA,luhya,luhya,1
SEREM,kalenjin,kalenjin,1
TANUI,kalenjin,kalenjin,1
BIWOT,kalenjin,kalenjin,1
NYONGESA,luhya,luhya,1
KITSAO,mijikenda,mijikenda,1
ATIENO,luo,luo,1
NJANJA,kikuyu,kikuyu,1
SHANZI,luhya,luhya,1
LOKOEN,turkana,turkana,1
ATIENO,luo,luo,1
BARASA,luhya,luhya,1
AOKO,luo,luo,1
IMENZA,luhya,luhya,1
OKIRU,luo,luo,1
LWAMBI,luhya,luhya,1
AKINYI,luo,luhya,0
EYANAE,turkana,turkana,1
AGISA,luhya,luhya,1
KHASANDI,luhya,luhya,1
SHIRO,luhya,luhya,1
KASUKU,luhya,luhya,1
MUTUA,kamba,kamba,1
OWINO,luo,luo,1
MKUVATISA,luhya,luhya,1
NYONGESA,luhya,luhya,1
NYONGESA,luhya,luhya,1
NYAGA,kisii,embu,0
KANZI,kamba,kamba,1
MUONJA,luhya,luhya,1
WANJIKU,kikuyu,kikuyu,1
ODHIAMBO,luo,luo,1
ANYANGO,luo,luo,1
CHESENGENY,kalenjin,kalenjin,1
JEPCHUMBA,kalenjin,kalenjin,1
KORIR,kalenjin,kalenjin,1
NASIMIYU,luhya,luhya,1
NASIMIYU,luhya,luhya,1
CLARE,luhya,luhya,1
ACHIENG,luo,luo,1
KIPTOO,kalenjin,kalenjin,1
LAGAT,kalenjin,kalenjin,1
TANUI,kalenjin,kalenjin,1
GITAU,kikuyu,kikuyu,1
MONARI,kisii,kisii,1
JIBO,pokomo,other,0
ROTICH,kalenjin,kalenjin,1
KAMAU,kikuyu,kikuyu,1
NYASITA,turkana,turkana,1
ATIENO,luo,luo,1
MUTAVE,kamba,kamba,1
NDUNGU,kikuyu,kamba,0
MAKORI,kisii,kisii,1
MAYAKA,kisii,kisii,1
CHEPKORIR,kalenjin,kalenjin,1
MORAA,kisii,kisii,1
TANUI,kalenjin,kalenjin,1
OKOTH,luo,luo,1
WANJIKU,kikuyu,kikuyu,1
KIRWA,kalenjin,kalenjin,1
CHERONO,kalenjin,kalenjin,1
KEMUNTO,kisii,kalenjin,0
NAFULA,luhya,luhya,1
JOHN,kalenjin,teso,0
ABONGO,luo,luo,1
WAMBUI,kikuyu,kikuyu,1
MOHAMMED,somali,kikuyu,0
NYABOKE,kisii,kisii,1
OMONDI,luo,luo,1
KOSGEI,kalenjin,kalenjin,1
AWINO,luo,luhya,0
ADHIAMBO,luo,luo,1
ATIENO,luo,luo,1
CHEPNGENO,kalenjin,kalenjin,1
OPETE,luhya,luhya,1
OWINO,luo,luhya,0
TABULA,luhya,kisii,0
WACEKE,kikuyu,kikuyu,1
WAMUCI,kikuyu,kikuyu,1
TOMASIAN,kalenjin,kalenjin,1
KIOKO,kamba,kamba,1
NJUGUNA,kikuyu,kikuyu,1
OYOO,luo,luo,1
SALAMO,luhya,luhya,1
KAMAU,kikuyu,kikuyu,1
NZEMBI,kamba,kamba,1
WAFULA,luhya,luhya,1
OUMA,luo,luhya,0
KIMONDI,kamba,kamba,1
PULI,luhya,luhya,1
LANGAT,kalenjin,kalenjin,1
OCHIENG,luo,luo,1
ODHIAMBO,luo,luo,1
ODUOR,luo,luo,1
OKOLA,luo,luo,1
OMOLLO,luo,luhya,0
OTIENO,luo,luo,1
OTIENO,luo,luo,1
OTIENO,luo,luo,1
JOHNSTONE,luo,luo,1
MOFAT,kisii,kisii,1
LIHANDA,luhya,luhya,1
KWABI,luhya,luhya,1
BUNGEI,kalenjin,kalenjin,1
MUTAI,kalenjin,kalenjin,1
ANGOSA,luhya,luhya,1
CHEBII,kalenjin,kalenjin,1
KAYEKE,luhya,luhya,1
NAFULA,luhya,luhya,1
NAFULA,luhya,luhya,1
NAMACHANJA,luhya,luhya,1
NJERI,kikuyu,kikuyu,1
SAKWA,luhya,luhya,1
JILO,mijikenda,mijikenda,1
ATITI,luo,luo,1
SITIENEI,kalenjin,kalenjin,1
WANJA,kikuyu,kikuyu,1
WANJIKU,kikuyu,kikuyu,1
MAGARA,kisii,luo,0
MURIML,luhya,luhya,1
KIMILE,luhya,luhya,1
SWALEH,luhya,kamba,0
MOHAMED,somali,mijikenda,0
OLWENY,luo,luo,1
KENDA,kalenjin,luhya,0
HASSAN,muslim,luhya,0
HASSAN,muslim,mijikenda,0
WEKESA,luhya,luhya,1
OMAR,mijikenda,other,0
KIPTOO,kalenjin,kalenjin,1
CHERUIYOT,kalenjin,kalenjin,1
SOBA,luo,kikuyu,0
MALONGO,luhya,luhya,1
NAFULA,luhya,kalenjin,0
LUGADA,luhya,luhya,1
ACHIENG,luo,luo,1
AMORO,kisii,kisii,1
CHEPKECH,kalenjin,kalenjin,1
JOSEPH,christian,kisii,0
NASABA,luhya,luhya,1
NJENGA,kikuyu,kikuyu,1
MASIBO,luhya,luhya,1
MUTAI,kalenjin,kalenjin,1
OWAMA,luo,luo,1
SHIUNDU,luhya,luhya,1
ISANDA,luhya,luhya,1
TAWAI,luhya,luhya,1
MWENDE,kamba,kamba,1
WEKESA,luhya,luhya,1
WEKESA,luhya,luhya,1
CHELANG'AT,kalenjin,kalenjin,1
NAFULA,luhya,luo,0
ANYIKA,luhya,luhya,1
MBINDIO,luhya,luhya,1
KEMBOI,kalenjin,kalenjin,1
WERE,luhya,luhya,1
ONDIEKI,kisii,luhya,0
KISIANGANI,luhya,luhya,1
KAMAU,kikuyu,kikuyu,1
KAMAU,kikuyu,kikuyu,1
KISIANGANI,luhya,luhya,1
MWANGI,kikuyu,kikuyu,1
ROTICH,kalenjin,kalenjin,1
LAWI,turkana,turkana,1
ATIENO,luo,luo,1
AWINO,luo,luo,1
ESOKON,turkana,turkana,1
MUERU,kikuyu,kikuyu,1
NJOKI,kikuyu,kikuyu,1
NYAGAH,kikuyu,kikuyu,1
WAMBUI,kikuyu,kikuyu,1
WANGARE,kikuyu,kikuyu,1
WANGUI,kikuyu,kikuyu,1
ZIGHE,taita,taita,1
NAFUNA,luhya,luhya,1
NASIPONDI,luhya,luhya,1
TUEI,kalenjin,kalenjin,1
CHEPKEMOI,kalenjin,kalenjin,1
MULWALE,luhya,luhya,1
ONSONGO,kisii,kisii,1
WANYAMA,luhya,luhya,1
ODECHE,luhya,luhya,1
APIYO,luo,luo,1
AWUOR,luo,luo,1
NAMALWA,luhya,luhya,1
NAMALWA,luhya,luhya,1
ONGOLO,luo,luo,1
AMAGOVE,luhya,luhya,1
AGOSI,luhya,luhya,1
WACHIRWA,kikuyu,kikuyu,1
LIANDA,luhya,luhya,1
MESHACK,luhya,luhya,1
OTIENO,luo,luo,1
ADIKA,luhya,luhya,1
KAMAU,kikuyu,kikuyu,1
KIMUYU,kikuyu,kamba,0
NDIRANGU,kikuyu,kikuyu,1
OIRO,luo,luo,1
OMOLLO,luo,luo,1
RONO,kalenjin,kalenjin,1
SIKAWA,masai,masai,1
TERRA,luhya,luhya,1
WAIGWA,kikuyu,kikuyu,1
MUSILA,kamba,luhya,0
WACHIE,luhya,luhya,1
EYANE,turkana,turkana,1
MARWA,kuria,kuria,1
KORIR,kalenjin,kalenjin,1
CHURUIYOT,kalenjin,kalenjin,1
EPUWO,turkana,turkana,1
KIPROTICH,kalenjin,kalenjin,1
KIRWA,kalenjin,kalenjin,1
LANGAT,kalenjin,kalenjin,1
LUMASAI,luhya,luhya,1
NJUGUNA,kikuyu,kikuyu,1
ORENGE,luo,kisii,0
SIWARENG,kalenjin,kalenjin,1
WAMBUA.,kamba,kamba,1
MOKEIRA,kisii,kisii,1
ONDARI,kisii,kisii,1
BISERA,kisii,kisii,1
KAWERE,luhya,luhya,1
KILUNDA,kamba,kamba,1
TANUI,kalenjin,kalenjin,1
NJERI,kikuyu,kikuyu,1
OMONDI,luo,luo,1
KILUSU,kamba,masai,0
KERUBO,kisii,kisii,1
IMINZA,luhya,luhya,1
MUENI,kamba,kamba,1
ATEMA,luhya,luhya,1
WANGARE,kikuyu,kikuyu,1
NYALIAKA,luhya,luhya,1
ASURA,kisii,kisii,1
OMONDI,luo,luhya,0
BETT,kalenjin,kalenjin,1
KIMANI,kikuyu,kikuyu,1
KIOKO,kamba,kamba,1
OMONDI,luo,luo,1
HASSAN,muslim,mijikenda,0
WEKESA,luhya,luhya,1
KEMBOI,kalenjin,kalenjin,1
ATILA,luhya,luhya,1
NAJIBA,arab,other,0
WALEPO,masai,masai,1
KIPROP,kalenjin,kalenjin,1
OMBONGI,kisii,kisii,1
ONYANGO,luo,kisii,0
WASIKE,luhya,luhya,1
WASIKE,luhya,luhya,1
KEMOLI,luhya,luhya,1
KERUBO,kisii,kisii,1
KIMANI,kikuyu,kikuyu,1
OKINDO,kisii,kisii,1
KIPLIMO,kalenjin,kalenjin,1
KIPLIMO,kalenjin,kalenjin,1
KIPLIMO,kalenjin,kalenjin,1
NJOROGE,kikuyu,kikuyu,1
ODHIAMBO,luo,luo,1
LELERUK,samburu,samburu,1
OKOTH,luo,luo,1
KATIU,masai,masai,1
OMONDI,luo,luo,1
NKIROI,samburu,other,0
LETOTION,kalenjin,masai,0
ADESA,luhya,luhya,1
ADHIAMBO,luo,luo,1
AKINYI,luo,luo,1
AOKO,luo,luo,1
AWINO,luo,luo,1
AWUOR,luo,luo,1
AWUOR,luo,luo,1
KEMBOI,kalenjin,luhya,0
NJOKI,kikuyu,meru,0
RUTO,kalenjin,kalenjin,1
WAMBUI,kikuyu,kikuyu,1
NJERI,kikuyu,kikuyu,1
NJOROGE,kikuyu,kikuyu,1
NAMPASU,masai,masai,1
MORAA,kisii,kisii,1
MUSIMBI,luhya,luhya,1
CHOME,luhya,mijikenda,0
AKINYI,luo,luo,1
INGOLAN,turkana,turkana,1
LETELEI,masai,masai,1
NAPATIO,turkana,turkana,1
KOMEN,kalenjin,kalenjin,1
ONYANGO,luo,luo,1
NAPOLIA,luhya,luhya,1
KAGWERIA,meru,other,0
MARSOI,kalenjin,kalenjin,1
NYAMBURA,kikuyu,kikuyu,1
WANGARI,kikuyu,kalenjin,0
WARIGIA,kikuyu,kikuyu,1
ATIENO,luo,luo,1
MUTHONI,kikuyu,kikuyu,1
ANITA,luhya,luhya,1
WANJIRU,kikuyu,kikuyu,1
ACHOTE,luo,luhya,0
AUMA,luo,luhya,0
JORAM,luhya,luhya,1
KIRASI,luhya,luhya,1
NEKESA,luhya,luhya,1
ODUORY,luo,luo,1
BARASA,luhya,luhya,1
OUMA,luo,luhya,0
SOKHIRE,basuba,basuba,1
AJIKWA,kalenjin,kalenjin,1
AMBULI,luhya,luhya,1
MORAA,kisii,kisii,1
NASIMIYU,luhya,luhya,1
NASUMA,luhya,luhya,1
OHONGO,luhya,luhya,1
ODHIAMBO,luo,luo,1
ECHWA,luhya,turkana,0
MEREU,masai,masai,1
WANJIKU,kikuyu,kikuyu,1
ATIENO,luo,luo,1
NDUNGU,kikuyu,kikuyu,1
WANJIRU,kikuyu,kikuyu,1
ACHIENG'OPUK,luo,luo,1
LOTAI,kalenjin,kalenjin,1
OWINO,luo,luo,1
ADHIAMBO,luo,luo,1
AKORI,turkana,turkana,1
ANYANGO,luo,luo,1
APIYO,luo,luo,1
ASIYA,luhya,luhya,1
AUMA,luo,luo,1
BOKE,luo,kuria,0
CHILIKONG,kalenjin,kalenjin,1
KWAMBOKA,kisii,kisii,1
MAKHARA,luhya,luhya,1
MUKAMI,embu,embu,1
MUTHONI,kikuyu,kikuyu,1
MUTUA,kamba,kamba,1
MUTUKU,kamba,kamba,1
ROBI,luo,kuria,0
SAYO,luhya,luhya,1
WAHU,kikuyu,kikuyu,1
WAMBUI,kikuyu,kikuyu,1
WANGURU,kuria,kuria,1
WANJIKU,kikuyu,kikuyu,1
WANZIA,kamba,kamba,1
LETORONTO,masai,masai,1
AGWA,luo,luo,1
MOHAMMED,somali,somali,1
BETH,luhya,luhya,1
LUDENDO,luhya,luhya,1
TELLA,luhya,luhya,1
TUNJE,kalenjin,mijikenda,0
MBURU,kikuyu,kikuyu,1
NDETI,kamba,masai,0
KIRUI,kalenjin,kalenjin,1
KIVA,kamba,luhya,0
LODHIO,luo,turkana,0
LOWAMOR,turkana,turkana,1
MAKORI,kisii,kisii,1
SHIVENDE,luhya,luhya,1
WANJALA,luhya,luhya,1
ONYANGO,luo,luo,1
MORAN,kisii,kisii,1
OPILE,luo,luo,1
KITUR,kalenjin,kalenjin,1
BOSOBORI,kisii,kisii,1
ADHIAMBO,luo,luo,1
NDUKO,kamba,kamba,1
VALARY,luhya,luhya,1
MAWIA,kamba,kamba,1
SAID,mijikenda,somali,0
MUGURE,kikuyu,kikuyu,1
ABETAH,kalenjin,kalenjin,1
OKIMBA,luo,luo,1
OCHIENG,luo,luo,1
OLOO,luo,luo,1
OCHIENG,luo,luo,1
ANUNDA,luhya,luhya,1
NYONGESA,luhya,luhya,1
FAMBI,luhya,luhya,1
HARON,kikuyu,kikuyu,1
MATHENGE,kikuyu,kikuyu,1
MAWERA,kamba,meru,0
MODEGWA,luhya,luhya,1
WEKESA,luhya,luhya,1
BARIWOS,kalenjin,kalenjin,1
MUINDE,kamba,kamba,1
KYENZE,kamba,kamba,1
MWANAIDI,taita,luhya,0
BARASA,luhya,luhya,1
ABUNG'ANA,luhya,luhya,1
INGOSI,luhya,luhya,1
NDUNG'U,kikuyu,kikuyu,1
CHEPKEMOI,kalenjin,kalenjin,1
CHEPKORIR,kalenjin,kalenjin,1
CHEPKWONY,kalenjin,kalenjin,1
KIPTON,kalenjin,kalenjin,1
KONYA,luhya,luhya,1
NYABONYI,kisii,kisii,1
ORIEKO,kisii,kisii,1
WAMBUI,kikuyu,kikuyu,1
OPIYO,luo,kisii,0
NASHION,luhya,luo,0
MWENDE,kamba,kamba,1
OTIENO,luo,luo,1
OKINDO,kisii,kisii,1
KIPLIMO,kalenjin,kalenjin,1
ASENJI,luhya,luhya,1
ATIENO,luo,luo,1
ANYONA,kisii,kisii,1
NYAMBARORA,kisii,kisii,1
OCHENGE,luo,kisii,0
OKOTH,luo,luo,1
SHUNA,taita,masai,0
MUNYAO,kamba,kamba,1
NAMASAKA,luhya,luhya,1
ACHIENG,luo,luo,1
ANNEN,christian,kuria,0
ENOCK,luhya,luhya,1
WAMAGORO,kikuyu,kikuyu,1
KARIUKI,kikuyu,kikuyu,1
OWINO,luo,luo,1
GITHINJI,kikuyu,kikuyu,1
MUGO,kikuyu,kikuyu,1
MUIA,kikuyu,kamba,0
NGETICH,kalenjin,kalenjin,1
CHEMANDA,kalenjin,kalenjin,1
MUNYUNY,kalenjin,kalenjin,1
NDUKU,kamba,kikuyu,0
WANJIRU,kikuyu,kikuyu,1
DARIZO,luhya,luhya,1
ACHIENG,luo,luo,1
OLWENY,luo,luo,1
CHEGE,kikuyu,kikuyu,1
KIDIWO,kalenjin,basuba,0
MBURU,kikuyu,kikuyu,1
JUMA,mijikenda,luhya,0
KAMAU,kikuyu,kikuyu,1
OKOTH,luo,luo,1
CHERUIYOT,kalenjin,kalenjin,1
WAITHERA,kikuyu,kikuyu,1
BARASA,luhya,luhya,1
MASESI,kamba,kamba,1
NEKESA,luhya,luhya,1
WAKA,luhya,luhya,1
CHIRCHIR,kalenjin,kalenjin,1
KAGENI,kikuyu,other,0
KARIA,kikuyu,kikuyu,1
AWINJA,luhya,luhya,1
OKOTH,luo,luhya,0
WANJIKU,kikuyu,kikuyu,1
OMONDI,luo,luo,1
MASILA,kamba,kamba,1
MUTUA,kamba,kamba,1
MBULA,kamba,kamba,1
ATIENO,luo,luhya,0
MUTISYA,kamba,kamba,1
MORAA,kisii,kisii,1
MUTHONI,kikuyu,kikuyu,1
NAMPASI,masai,masai,1
KIPTOO,kalenjin,kalenjin,1
KIRUI,kalenjin,kalenjin,1
ACHOLA,luo,luo,1
KOECH,kalenjin,kalenjin,1
MUGA,luhya,kikuyu,0
NANJALA,luhya,teso,0
NANJALA,luhya,luhya,1
WEKESA,luhya,luhya,1
TUWEI,kalenjin,kalenjin,1
KIPTUYA,kalenjin,kalenjin,1
ONDIGI,luo,kisii,0
JEROP,kalenjin,kalenjin,1
KERUBO,kisii,kisii,1
NGETICH,kalenjin,kalenjin,1
CHEBET,kalenjin,kalenjin,1
KIRUI,kalenjin,kalenjin,1
HONGO,luo,luo,1
KUNEKEYA,luhya,luhya,1
KAKENYA,masai,masai,1
OYACH,luo,luo,1
ADHIAMBO,luo,luo,1
WAFULA,luhya,luhya,1
INYANGIRA,luhya,luhya,1
MURASI,luhya,luhya,1
MOKERERI,kisii,kuria,0
ANDILU,meru,meru,1
LANGAT,kalenjin,kalenjin,1
EKUOT,turkana,turkana,1
KAPEEN,masai,masai,1
CHITTE,luhya,luhya,1
MARU,kalenjin,kalenjin,1
MUTINDA,kamba,kamba,1
SEMO,luo,luo,1
NGANGA,kikuyu,kikuyu,1
CHEROP,kalenjin,kalenjin,1
WANGUI,kikuyu,kikuyu,1
NANG'ENI,luhya,luhya,1
WEKESA,luhya,kalenjin,0
OTIENO,luo,luo,1
NELIMA,luhya,luhya,1
NELIMA,luhya,luhya,1
LEMPARA,masai,masai,1
ATIENO,luo,luo,1
KIRUI,kalenjin,kalenjin,1
BALISHA,luhya,mijikenda,0
NKAISERI,masai,masai,1
IRUNGU,kikuyu,kikuyu,1
LIMO,kalenjin,kalenjin,1
LONYARANG,turkana,turkana,1
MALEU,kamba,kamba,1
MUINDI,luhya,luhya,1
MURANI,kikuyu,kikuyu,1
OKWEMBA,luhya,luhya,1
MWAURA,kikuyu,kikuyu,1
KERUBO,kisii,kisii,1
CHALANG,luhya,kalenjin,0
MWAURA,kikuyu,kikuyu,1
KWAMBOKA,kisii,kisii,1
NYAMBURA,kikuyu,kikuyu,1
ADHIAMBO,luo,luo,1
NDEGWA,kikuyu,kikuyu,1
TOO,kalenjin,kalenjin,1
OMACH,luo,luo,1
ONDIEKI,kisii,kisii,1
OTUNDO,luo,luo,1
MWITA,kuria,kuria,1
KWENO,luhya,luhya,1
ODHIAMBO,luo,luo,1
OUMA,luo,luo,1
AYUMA,luhya,luhya,1
KURIA,kikuyu,kikuyu,1
MBULA,kamba,kamba,1
WAIRIMU,kikuyu,kikuyu,1
CHAMA,kamba,kamba,1
MUASIA,kamba,kamba,1
NJERI,kikuyu,kikuyu,1
WANJIRU,kikuyu,kikuyu,1
MIRINA,kisii,kisii,1
ANYANGO,luo,luo,1
NTHAMBI,meru,kamba,0
CHERUIYOT,kalenjin,kalenjin,1
MADASIA,kalenjin,kalenjin,1
KIRIMA,kikuyu,kikuyu,1
OCHIENG',luo,luo,1
ONDITI,luo,luo,1
MATINDURA,kikuyu,kisii,0
KIPSANG,kalenjin,kalenjin,1
NAFULA,luhya,luhya,1
WAFULA,luhya,luhya,1
ALUMASA,luhya,luhya,1
OGORO,kisii,kisii,1
MUSYOKI,kamba,kamba,1
NJOKI,kikuyu,kikuyu,1
OCHIENG,luo,luo,1
OMUKAH,luhya,luhya,1
WASWA,luhya,luhya,1
KIPLAGAT,kalenjin,kalenjin,1
CHERIYOT,kalenjin,kalenjin,1
MULIMI,kamba,luhya,0
MIBEI,kalenjin,kalenjin,1
WANGUI,kikuyu,kikuyu,1
NGETICH,kalenjin,kalenjin,1
SIMIYU,luhya,luhya,1
SIMIYU,luhya,luhya,1
BENEDICT,luhya,luhya,1
NJUGUNA,kikuyu,kikuyu,1
WASONGA,luhya,luo,0
NGURIANYANG,kalenjin,kalenjin,1
AKOTH,luo,luo,1
KAMENE,kamba,kamba,1
LIVEHA,luhya,luhya,1
ALALAM,luhya,kalenjin,0
KITUI,kamba,kalenjin,0
LANGAT,kalenjin,kalenjin,1
MARUTI,kisii,luhya,0
MARUTI,kisii,luhya,0
MOSOTI,kisii,kisii,1
AZIZ,sindi,other,0
MOHAMED,somali,somali,1
HAMANI,swahili,mijikenda,0
ZUENA,borana,other,0
ABUD,somali,somali,1
WARIGIA,kikuyu,kikuyu,1
NJUE,embu,mbeere,0
MWANGI,kikuyu,kikuyu,1
MALONZA,kamba,kamba,1
MUSYOKI,kamba,kamba,1
MBURA,kisii,mijikenda,0
ABDULL,muslim,swahili,0
MUHAMED,muslim,mijikenda,0
KAWIRA,meru,meru,1
KAWIRA,meru,meru,1
MUTHONI,kikuyu,kikuyu,1
NGOIRI,kikuyu,kikuyu,1
WAIRIMU,kikuyu,kikuyu,1
WANDO,luhya,luhya,1
MOLU,luo,somali,0
CHANYA,taita,taita,1
NJERI,kikuyu,kikuyu,1
KIAMA,kikuyu,kikuyu,1
NAMORU,kisii,kisii,1
MAINA,kikuyu,kikuyu,1
WANJUGU,kikuyu,kikuyu,1
MUTISYA,kamba,kamba,1
WAYUA,kamba,kamba,1
MWENI,kamba,kamba,1
WAMASIE,kikuyu,kikuyu,1
MWANGI,kikuyu,kikuyu,1
CHERUYOT,kalenjin,kalenjin,1
IRURA,kikuyu,kikuyu,1
KANYUA,kikuyu,kikuyu,1
MURURI,kikuyu,kikuyu,1
MUTUA,kamba,kamba,1
NJUGUNA,kikuyu,kikuyu,1
SAID,mijikenda,mijikenda,1
NYANCHMA,kisii,kisii,1
ALEX,kikuyu,kikuyu,1
WANJERI,kikuyu,kikuyu,1
WANJIRA,kikuyu,kikuyu,1
WANJIRU,kikuyu,kikuyu,1
KATUMO,kamba,kamba,1
SYOKI,kamba,kamba,1
MWANGI,kikuyu,kikuyu,1
ACHIENG,luo,luo,1
KINYANJUI,kikuyu,kikuyu,1
BEZENGA,mijikenda,mijikenda,1
MWANDONYI,taita,taita,1
MWANGI,kikuyu,kikuyu,1
NDENGA,kamba,kamba,1
BOMER,kalenjin,kalenjin,1
KATHAMBI,meru,meru,1
NDUNG'U,kikuyu,kikuyu,1
KAJUJU,meru,meru,1
MUNYAO,kamba,kamba,1
MUTHONI,kikuyu,kikuyu,1
NYAMBURA,kikuyu,kikuyu,1
WACHERA,kikuyu,kikuyu,1
WANGARI,kikuyu,kikuyu,1
WANJIKU,kikuyu,kikuyu,1
KINA,kikuyu,embu,0
WANJA,kikuyu,embu,0
WANJALA,luhya,luhya,1
MUTHONI,kikuyu,mbeere,0
MULANDI,kamba,kamba,1
MWENDA,meru,meru,1
DAVID,kamba,kamba,1
KINYA,kikuyu,meru,0
BII,kalenjin,kalenjin,1
MURIITHI,kikuyu,kikuyu,1
NJERU,kikuyu,embu,0
KARIS,mijikenda,mijikenda,1
LINUS,kalenjin,kalenjin,1
KAFANI,mijikenda,mijikenda,1
MATINGE,kamba,kamba,1
MAWEA,kamba,kamba,1
OMONDI,luo,kisii,0
KARISA,mijikenda,mijikenda,1
KAWIRA,meru,meru,1
MWIRICHIA,meru,meru,1
ROTICH,kalenjin,kalenjin,1
KINYOMO,kamba,kamba,1
KARANJA,kikuyu,kikuyu,1
MWITA,kuria,kuria,1
GICHUHI,kikuyu,kikuyu,1
MBURU,kikuyu,kikuyu,1
MURITHI,meru,meru,1
JEFWA,mijikenda,mijikenda,1
MULWA,kamba,kamba,1
MUNGA,kikuyu,kikuyu,1
MWANGI,kikuyu,kikuyu,1
TWIGA,meru,embu,0
MUGO,kikuyu,embu,0
NGULI,kamba,kamba,1
OGUGU,luo,kisii,0
NTINYARI,meru,meru,1
MUTHONI,kikuyu,meru,0
ACHIENG,luo,luo,1
CHEGE,kikuyu,kikuyu,1
NTHUKU,meru,meru,1
KIRAGU,kikuyu,kikuyu,1
MGHOI,taita,taita,1
KAMBUA,meru,meru,1
MBAI,kamba,kamba,1
MUTHENI,kamba,kamba,1
NAMAI,luhya,kamba,0
WANJIRU,kikuyu,kikuyu,1
BANDA,mijikenda,mijikenda,1
JUMA,mijikenda,mijikenda,1
OGOLA,luo,luo,1
MUKABA,mbeere,mbeere,1
MURITHI,meru,meru,1
NYAKUNDI,kisii,kisii,1
BOSIBORI,kisii,kisii,1
KODGEI,kalenjin,kalenjin,1
MORAGWA,kisii,kisii,1
NJORO,kikuyu,meru,0
STEVE,christian,kisii,0
WANJIKU,kikuyu,kikuyu,1
ZAWADI,swahili,mijikenda,0
WARUINO,kikuyu,kikuyu,1
RUHIU,kikuyu,kikuyu,1
RUMBI,kisii,kisii,1
KEMUNTO,kisii,kisii,1
LANGAT,kalenjin,kalenjin,1
IRUNGU,kikuyu,kikuyu,1
KAVATA,kamba,kamba,1
MUTUKU,kamba,kamba,1
WANJIKU,kikuyu,kikuyu,1
MOHAMMED,somali,other,0
MIHAMED,pemba,other,0
ALI,luhya,samburu,0
ALI,luhya,mijikenda,0
IDD,mijikenda,mijikenda,1
JUMA,mijikenda,swahili,0
MOKEBE,kisii,kamba,0
OPIYO,luo,luo,1
KAZUNGU,mijikenda,mijikenda,1
NGUGI,kikuyu,kikuyu,1
MAORE,meru,meru,1
KITANDO,taita,taita,1
MUTINDA,kamba,kamba,1
MWONGELI,taita,kamba,0
KIOKO,kamba,kamba,1
GATHAI,kikuyu,kikuyu,1
MACHARIA,kikuyu,kikuyu,1
MURITHI,meru,embu,0
AKAMWE,turkana,turkana,1
KATHEKE,kamba,kamba,1
MBWIKA,meru,kamba,0
ONYANCHA,kisii,kisii,1
KENDI,meru,meru,1
WANGA,luhya,luhya,1
WAITHAKA,kikuyu,kikuyu,1
BAYA,luo,mijikenda,0
MAINA,kikuyu,kikuyu,1
KIRUI,kalenjin,kalenjin,1
CHEGE,kikuyu,kikuyu,1
MOSYOKA,kamba,kamba,1
KERUBO,kisii,kisii,1
MADEDA,taita,taita,1
WANGARI,kikuyu,kikuyu,1
WANJURU,kikuyu,kikuyu,1
OWDO,mijikenda,mijikenda,1
MUKOMWA,meru,meru,1
MURIUKI,kikuyu,meru,0
ATAMUS,kisii,kisii,1
WAMBUI,kikuyu,kikuyu,1
KIPTUM,kalenjin,kalenjin,1
DUBA,luhya,somali,0
HABILLA,luo,mijikenda,0
NDORO,mijikenda,mijikenda,1
HAMISI,mijikenda,mijikenda,1
CHEMUTAI,kalenjin,kalenjin,1
KAMAU,kikuyu,kikuyu,1
KIMANI,kikuyu,kikuyu,1
WOTHAYA,kikuyu,kikuyu,1
MWAMBARU,mijikenda,mijikenda,1
WAMBUA,kamba,kamba,1
KOECH,kalenjin,kalenjin,1
THURANIRA,meru,meru,1
IPEPA,teso,teso,1
MWIKALI,kamba,kamba,1
KAWIRA,meru,meru,1
CHAI,mijikenda,mijikenda,1
KITHINJI,kikuyu,meru,0
MSCHOKA,kisii,kisii,1
WAMBUA,kamba,kamba,1
GITIYE,meru,meru,1
KAMERI,kikuyu,kikuyu,1
KARANJA,kikuyu,kikuyu,1
KATIKAI,masai,masai,1
MUNGA,kikuyu,taita,0
MUTHUI,kamba,kamba,1
MWANDAWIRO,taita,taita,1
MWANGI,kikuyu,kikuyu,1
NGANGA,kikuyu,kikuyu,1
MUTEMA,kikuyu,kikuyu,1
JABAN,meru,meru,1
KAILU,meru,meru,1
KAROKI,kikuyu,meru,0
KAWIRA,meru,meru,1
KINYA,kikuyu,meru,0
KIYUKA,kisii,kisii,1
MUTHONI,kikuyu,meru,0
MWANZIA,kamba,kamba,1
WANJIKU,kikuyu,samburu,0
WANJIRU,kikuyu,kikuyu,1
BAHATI,luhya,luhya,1
KATUNGE,kamba,kamba,1
OGADA,luo,luo,1
ONYANCHA,kisii,kisii,1
MADEDA,taita,taita,1
CHEBICHI,kalenjin,kalenjin,1
GITONGA,kikuyu,meru,0
MACHEKA,luhya,luhya,1
BOSIRE,kisii,kisii,1
KANGAI,kikuyu,meru,0
MNDUNGI,kikuyu,taita,0
MASILA,kamba,kamba,1
GACHARA,kikuyu,kikuyu,1
GICHURU,kikuyu,kikuyu,1
KAMAU,kikuyu,kikuyu,1
MAINA,kikuyu,kikuyu,1
MULWA,kamba,kamba,1
MUNYOKI,meru,meru,1
MUREKE,meru,meru,1
ODHIAMBO,luo,luo,1
OLUM,luo,luo,1
OSOGO,luo,kisii,0
WAIHUBU,kikuyu,kikuyu,1
WAKA,luhya,luhya,1
WANJOHI,kikuyu,kikuyu,1
WAMBUA,kamba,kamba,1
MUTHONI,kikuyu,kikuyu,1
NDEGWA,kikuyu,kikuyu,1
GITHUI,kikuyu,kikuyu,1
LOKISHON,masai,masai,1
MBUTHIA,kikuyu,kikuyu,1
MUGOSI,kamba,kamba,1
MUNGA,kikuyu,kikuyu,1
MWAGI,kikuyu,kikuyu,1
MWANGI,kikuyu,kikuyu,1
NAMBIA,luhya,luhya,1
NDIRANGU,kikuyu,kikuyu,1
OMONDI,luo,luo,1
SIELE,kalenjin,kalenjin,1
SILA,luhya,kamba,0
WARUINGI,kikuyu,kikuyu,1
MOKI,kamba,kamba,1
MUTHAMI,kamba,kamba,1
KANGWE,kamba,kamba,1
AMBIYO,luhya,luhya,1
CHEPYEGON,kalenjin,kalenjin,1
KIMETO,kalenjin,kalenjin,1
KIRUI,kalenjin,kalenjin,1
NJERI,kikuyu,kikuyu,1
CHELANGAT,kalenjin,kalenjin,1
MURERWA,kikuyu,meru,0
MWANGI,kikuyu,luhya,0
MWENDWA,kamba,kamba,1
MWENDA,meru,embu,0
NDEGE,kikuyu,kisii,0
WERE,luhya,luo,0
KENGA,mijikenda,mijikenda,1
CHEGE,kikuyu,kikuyu,1
KARAMBU,meru,meru,1
MBUVI,kamba,kamba,1
KATITU,kamba,kamba,1
KAUMBUTHU,kikuyu,meru,0
KENDA,kalenjin,kalenjin,1
MIANO,christian,kikuyu,0
MBINDYO,kamba,kamba,1
NJOROGE,kikuyu,kikuyu,1
MIKE,kamba,kamba,1
MWASYIA,kamba,kamba,1
MBUTHIA,kikuyu,kikuyu,1
KINYWA,embu,meru,0
CHEPCHIENG,kalenjin,kalenjin,1
KOSKEI,kalenjin,kalenjin,1
KIEMA,kamba,kamba,1
AWUOR,luo,luo,1
AWUOR,luo,luo,1
WAMBOI,kikuyu,kikuyu,1
KARIMI,embu,embu,1
LENAH,maasai,kamba,0
KAMAMA,kikuyu,kikuyu,1
GAKIRIA,kikuyu,kikuyu,1
OYARO,luo,kisii,0
CHERUYOT,kalenjin,kalenjin,1
MWIKALI,kamba,kamba,1
KOMEN,kalenjin,kalenjin,1
KALUKI,kamba,kamba,1
NKROTE,meru,meru,1
MAKONGO,taita,taita,1
LEKALAILE,rendille,other,0
NGANGA,kikuyu,kikuyu,1
NJERI,kikuyu,kikuyu,1
WAITHIRA,kikuyu,kikuyu,1
ILESUKUD,rendille,other,0
ADHIAMBO,luo,luhya,0
MUTHONI,kikuyu,kikuyu,1
NYAMBURA,kikuyu,kikuyu,1
OMBURI,kisii,kisii,1
NJUGUNA,kikuyu,kikuyu,1
MWACHAKA,taita,taita,1
KANINI,kamba,kamba,1
MUTHONI,kikuyu,kikuyu,1
NJERI,kikuyu,kikuyu,1
OMAR,mijikenda,mijikenda,1
SAIDI,muslim,mijikenda,0
GAMBO,luhya,mijikenda,0
ATIENO,luo,luo,1
TERESIA,kamba,kamba,1
MATIMO,kamba,kamba,1
MUTISO,kamba,kamba,1
KANYI,kikuyu,samburu,0
WANJERA,embu,embu,1
ADHIBO,luo,luo,1
ADOYO,luo,luo,1
KAIRUTHI,kikuyu,meru,0
KERUBO,kisii,kisii,1
MAWIYA,kamba,kamba,1
MUTHONI,kikuyu,embu,0
NGENDO,kikuyu,kikuyu,1
NYAKARUO,kikuyu,kikuyu,1
WANJUGU,kikuyu,kikuyu,1
WANZA,kamba,kamba,1
NGUMA,luo,kuria,0
CHEPKIRIR,kalenjin,kalenjin,1
MUMBI,meru,meru,1
MURUGI,kikuyu,embu,0
MUTHONI,kikuyu,mbeere,0
NGULE,kikuyu,kikuyu,1
KAHIA,kikuyu,kikuyu,1
MASILA,kamba,kamba,1
ANDAE,luhya,luhya,1
NYWAA,mijikenda,mijikenda,1
MUTHONI,kikuyu,meru,0
KUSEMA,mijikenda,mijikenda,1
SHELAMIN,kamba,kamba,1
UPEPO,kikuyu,kikuyu,1
MUNENE,kikuyu,meru,0
KEMBOI,kalenjin,kalenjin,1
MULI,kamba,kamba,1
MWANGI,kikuyu,kikuyu,1
OKEMWA,kisii,kisii,1
WEKESA,luhya,luhya,1
OMAR,mijikenda,other,0
KYALA,kamba,kamba,1
NDAMBUI,kamba,kamba,1
MUANGE,kamba,kamba,1
RONYA,mijikenda,mijikenda,1
HAMISI,mijikenda,mijikenda,1
WAFULA,luhya,luhya,1
MAMA,luhya,kikuyu,0
NJERI,kikuyu,kikuyu,1
NKROTE,meru,meru,1
WAMBUI,kikuyu,kikuyu,1
CHOKO,luhya,luhya,1
KYALO,kamba,kamba,1
MURIMA,mijikenda,mijikenda,1
NGARIKORTO,kikuyu,other,0
KIRIINYA,meru,meru,1
NJIRU,mbeere,mbeere,1
KAMAU,kikuyu,kikuyu,1
MUREWE,mijikenda,mijikenda,1
DUNCAN,mijikenda,mijikenda,1
MWABILA,mijikenda,mijikenda,1
JUMA,mijikenda,mijikenda,1
MARAHAMA,mijikenda,mijikenda,1
AIDEED,somali,somali,1
MUTIA,kamba,kamba,1
MWILU,kamba,kamba,1
MWANGIRI,mijikenda,mijikenda,1
KATANA,mijikenda,mijikenda,1
KING'ORI,kikuyu,kikuyu,1
KINOTI,meru,meru,1
MUCHIRI,kikuyu,kikuyu,1
NJERU,kikuyu,kikuyu,1
KARAJA,kikuyu,kikuyu,1
GITHII,kikuyu,kikuyu,1
MULAA,kamba,kamba,1
NJOROGE,kikuyu,kikuyu,1
ONYANGO,luo,luo,1
KATHURE,meru,meru,1
MUTHONI,kikuyu,embu,0
CHELANGAT,kalenjin,kalenjin,1
MWENDE,kamba,kamba,1
GITAU,kikuyu,kikuyu,1
JACKSON,mijikenda,mijikenda,1
JUMA,mijikenda,kikuyu,0
KIMATHI,meru,meru,1
MAINA,kikuyu,kikuyu,1
MAINA,kikuyu,kikuyu,1
MASITA,kisii,kisii,1
MUSYOKA,kamba,kamba,1
MUTUNGA,kamba,kamba,1
MWANGI,kikuyu,kikuyu,1
NAMIRANDA,luhya,luhya,1
NDIRANGU,kikuyu,kikuyu,1
CHEPKWONY,kalenjin,kalenjin,1
CHIPONGONI,kalenjin,kalenjin,1
MUMBU,kamba,kamba,1
GATONI,kikuyu,kikuyu,1
ATIENO,luo,luo,1
KIBOBORI,meru,meru,1
WANJIRU,kikuyu,kikuyu,1
KATHAMBI,meru,meru,1
NGUGI,kikuyu,embu,0
WANGUI,kikuyu,kikuyu,1
ALI,luhya,swahili,0
KALULU,luhya,meru,0
MWENI,kamba,kamba,1
NGONYO,kamba,kamba,1
BANDA,mijikenda,mijikenda,1
ATIENO,luo,mijikenda,0
MWAKANDAWA,taita,taita,1
MULEI,kamba,kamba,1
MUMBUA,kamba,kamba,1
WAKESHO,taita,taita,1
KEREU,kisii,kisii,1
MUGAMBI,meru,meru,1
TEGAT,kalenjin,kalenjin,1
WACHIRA,kikuyu,kikuyu,1
NDWIGA,mbeere,mbeere,1
KABUKO,meru,meru,1
KAGWIRIA,kikuyu,meru,0
MAGONGO,mijikenda,mijikenda,1
MWANIA,kamba,kamba,1
NGUMBI,kamba,taita,0
MWINGI,mbeere,mbeere,1
IKAYO,luo,masai,0
RUTO,kalenjin,kalenjin,1
GACHIHI,kikuyu,meru,0
NJERI,kikuyu,kikuyu,1
WANJIKU,kikuyu,kikuyu,1
MASHA,mijikenda,mijikenda,1
JUMA,mijikenda,other,0
MWINYI,mijikenda,mijikenda,1
ABDI,muslim,other,0
KAMAU,kikuyu,kikuyu,1
NYAKUNDI,kisii,kisii,1
KAHINDI,mijikenda,mijikenda,1
KAIGONGI,meru,meru,1
MARUGI,kikuyu,kikuyu,1
MURIITHI,kikuyu,kikuyu,1
OPATI,luo,luo,1
WELUNGA,mijikenda,mijikenda,1
SAFARI,swahili,mijikenda,0
KENGA,mijikenda,mijikenda,1
OMAR,mijikenda,mbeere,0
MURABU,mijikenda,mijikenda,1
ATIENO,luo,luo,1
BIWOTT,kalenjin,kalenjin,1
WAWERU,kikuyu,kikuyu,1
AYONGA,luhya,teso,0
WANJOHI,kikuyu,kikuyu,1
KAMAU,kikuyu,kikuyu,1
MWANGI,kikuyu,kikuyu,1
ABDALLA,muslim,mijikenda,0
MUNGAI,kikuyu,kikuyu,1
ONSOMU,kuria,kuria,1
MBUTHIA,kikuyu,kikuyu,1
MUTHOMI,kikuyu,meru,0
MWANGI,kikuyu,kikuyu,1
KOKA,luhya,kamba,0
KARANJA,kikuyu,kikuyu,1
MUTIA,kamba,kamba,1
WAINAINA,kikuyu,kikuyu,1
MAHERO,luhya,luo,0
WAMBOI,kikuyu,kikuyu,1
WANJIRU,kikuyu,kikuyu,1
ABDALA,bajuni,other,0
WANGUI,kikuyu,samburu,0
MUTINDI,kamba,kamba,1
NYAMBURA,kikuyu,kikuyu,1
WANJIRU,kikuyu,kikuyu,1
MWENJA,luhya,kikuyu,0
ABUDH,luo,other,0
ALI,luhya,other,0
MAERA,kisii,kisii,1
KANENE,kikuyu,kamba,0
NYAWIRA,kisii,kikuyu,0
WANGUI,kikuyu,kikuyu,1
WAYUA,kamba,kamba,1
MACHOKA,kisii,kisii,1
MALII,kamba,kamba,1
KAVENGI,kamba,kamba,1
ANAYO,kisii,kisii,1
OTUGI,kisii,kisii,1
MUTWIRI,meru,meru,1
ODOYO,luo,luo,1
IRUNGU,kikuyu,kikuyu,1
IRUNGU,kikuyu,kikuyu,1
ORAGE,luo,luo,1
GACHIRA,kikuyu,kikuyu,1
MWANIKI,kikuyu,kikuyu,1
MAINA,kikuyu,kikuyu,1
MWANGI,kikuyu,kikuyu,1
SITIENEI,kalenjin,kalenjin,1
KATHURE,meru,meru,1
SYOKAO,kamba,kamba,1
MWAJUMA,mijikenda,mijikenda,1
KOECH,kalenjin,kalenjin,1
MUTHANU,kamba,kamba,1
NJUGUNA,kikuyu,kikuyu,1
KAHINGU,kikuyu,mijikenda,0
RASHID,luhya,luhya,1
